,Deployment Height (M),Percentage (%)
"(-0.001, 25.0]",116,21.561338289962826
"(25.0, 50.0]",306,56.877323420074354
"(50.0, 75.0]",33,6.133828996282528
"(75.0, 100.0]",39,7.24907063197026
"(100.0, 125.0]",16,2.973977695167286
"(125.0, 150.0]",13,2.41635687732342
"(150.0, 175.0]",15,2.7881040892193307
"(175.0, 1000.0]",0,0.0
