,Antenna Gain (dBi),Percentage (%)
16.0,363,67.4721189591078
24.4,175,32.52788104089219
