,BW (MHz),Percentage (%)
5.0,336,62.45353159851301
7.0,76,14.12639405204461
14.0,81,15.055762081784389
3.5,10,1.858736059479554
10.5,8,1.486988847583643
2.0,27,5.018587360594796
