,BW (MHz),Percentage (%)
5.0,336,92.56198347107438
2.0,27,7.43801652892562
