,EIRP (W),Percentage (%)
1.0434880890767524e+16,75,20.66115702479339
10434.880890767525,32,8.81542699724518
1043488089076.7524,35,9.641873278236915
104348808907675.23,88,24.242424242424242
1043488089076752.4,46,12.672176308539946
104348808.90767524,32,8.81542699724518
1043488.0890767523,1,0.27548209366391185
0.01043488089076761,12,3.3057851239669422
104348808907.67525,1,0.27548209366391185
1.653817168792012e-07,14,3.8567493112947657
1094176566491.7656,27,7.43801652892562
