,EIRP (dBm/MHz),Percentage (%)
"(-0.001, 10.0]",0,0.0
"(10.0, 20.0]",14,3.8567493112947657
"(20.0, 30.0]",45,12.396694214876034
"(30.0, 35.0]",68,18.732782369146005
"(35.0, 40.0]",236,65.0137741046832
