,EIRP (dBm/MHz),Percentage (%)
"(-0.001, 10.0]",0,0.0
"(10.0, 20.0]",5,0.929368029739777
"(20.0, 30.0]",92,17.100371747211895
"(30.0, 35.0]",126,23.42007434944238
"(35.0, 40.0]",246,45.72490706319702
"(40.0, 50.0]",27,5.018587360594796
"(50.0, 100.0]",0,0.0
