,EIRP (dBm/MHz),Percentage (%)
"(-0.001, 5.0]",73,13.568773234200743
"(5.0, 10.0]",390,72.4907063197026
"(10.0, 15.0]",6,1.1152416356877324
"(15.0, 20.0]",0,0.0
"(20.0, 25.0]",27,5.018587360594796
"(25.0, 100.0]",0,0.0
