,EIRP (dBm),Percentage (%)
"(-0.001, 5.0]",0,0.0
"(5.0, 15.0]",0,0.0
"(15.0, 20.0]",0,0.0
"(20.0, 25.0]",1,0.18587360594795538
"(25.0, 30.0]",6,1.1152416356877324
"(30.0, 35.0]",10,1.858736059479554
"(35.0, 40.0]",78,14.49814126394052
"(40.0, 45.0]",401,74.53531598513011
"(45.0, 100.0]",0,0.0
