,TPA_dBm/MHz,Percentage (%)
"(-20.001, -15.0]",15,2.7881040892193307
"(-15.0, -10.0]",101,18.773234200743495
"(-10.0, -5.0]",236,43.866171003717476
"(-5.0, 0.0]",0,0.0
