,Total Power into Antenna (W),Percentage (%)
"(-0.001, 0.1]",147,27.323420074349443
"(0.1, 0.2]",12,2.2304832713754648
"(0.2, 0.3]",32,5.947955390334572
"(0.3, 0.4]",33,6.133828996282528
"(0.4, 0.5]",36,6.691449814126393
"(0.5, 0.6]",236,43.866171003717476
"(0.6, 1.0]",0,0.0
