,TPA_dBm/MHz,Percentage (%)
"(-1.001, 0.0]",14,3.8567493112947657
"(0.0, 5.0]",12,3.3057851239669422
"(5.0, 10.0]",0,0.0
"(10.0, 15.0]",65,17.90633608815427
"(15.0, 20.0]",36,9.917355371900827
"(20.0, 25.0]",236,65.0137741046832
