,TPA_dBm/MHz,Percentage (%)
"(-10.001, -5.0]",2,0.37174721189591076
"(-5.0, -2.0]",44,8.178438661710038
"(-2.0, -1.0]",158,29.36802973977695
"(-1.0, 0.0]",292,54.27509293680297
