,TPA_W,Percentage (%)
0.7977168205377296,75,20.66115702479339
0.050332528673366884,32,8.81542699724518
0.3175767863272075,35,9.641873278236915
0.5033252867336687,88,24.242424242424242
0.6336489938676012,46,12.672176308539946
0.12642959583819713,32,8.81542699724518
0.07977168205377297,1,0.27548209366391185
0.012642959583819726,12,3.3057851239669422
0.25226020807270105,1,0.27548209366391185
0.004186477385849297,14,3.8567493112947657
0.3190867282150925,27,7.43801652892562
