,Deployment Height (M),Percentage (%)
"(-0.001, 10.0]",4,0.12307692307692308
"(10.0, 20.0]",89,2.7384615384615385
"(20.0, 30.0]",592,18.215384615384618
"(30.0, 40.0]",1698,52.246153846153845
"(40.0, 50.0]",766,23.56923076923077
"(50.0, 60.0]",89,2.7384615384615385
"(60.0, 70.0]",12,0.3692307692307692
"(70.0, 80.0]",0,0.0
"(80.0, 90.0]",0,0.0
"(90.0, 100.0]",0,0.0
