,Antenna Gain (dBi),Percentage (%)
17.5,2427,74.67692307692307
19.6,823,25.323076923076922
