,BW (MHz),Percentage (%)
19.9,952,29.29230769230769
20.0,2298,70.7076923076923
