,EIRP (dBm),Percentage (%)
69.041202134762,1729,53.2
69.34119995699957,637,19.6
71.1412037474349,569,17.51
71.04119922664789,251,7.72
69.34144811792477,59,1.82
66.33089545145282,3,0.09
71.04111379698969,2,0.06
