,EIRP (W),Percentage (%)
8019.0,1729,53.2
8592.509,637,19.6
13005.3,569,17.507692307692306
12709.25,251,7.723076923076923
8593.0,59,1.8153846153846152
4296.25,3,0.0923076923076923
12709.0,2,0.06153846153846154
