,power_watts,Percentage (%)
160.0,3243,99.78461538461538
80.0,7,0.21538461538461537
