,Power (dBm/MHz),Percentage (%)
39.03089986991944,2298,70.71
39.052669062462186,945,29.08
36.042369105822374,7,0.22
