,Power (dBm/MHz),Percentage (%)
39.03089986991944,2298,70.7076923076923
39.052669062462186,945,29.076923076923077
36.042369105822374,7,0.21538461538461537
