,Total Power into Antenna (dBm/MHz),Percentage (%)
8.53090217812219,1728,53.17
8.852669192902509,637,19.6
8.530903790795087,569,17.51
8.452668462550823,251,7.72
8.852917353827705,59,1.82
5.842364687355753,3,0.09
8.452583032892624,2,0.06
6.430902178122189,1,0.03
