,TPA_dBm/MHz,Percentage (%)
8.53090217812219,1728,53.169230769230765
8.852669192902509,637,19.6
8.530903790795087,569,17.507692307692306
8.452668462550823,251,7.723076923076923
8.852917353827705,59,1.8153846153846152
5.842364687355753,3,0.0923076923076923
8.452583032892624,2,0.06153846153846154
6.430902178122189,1,0.03076923076923077
