,TPA_W,Percentage (%)
142.60022589102135,1728,53.169230769230765
152.79881835274148,637,19.6
142.60027884300942,569,17.507692307692306
139.35415514332783,251,7.723076923076923
152.80754970464466,59,1.8153846153846152
76.39932915379724,3,0.0923076923076923
139.3514139478375,2,0.06153846153846154
87.9265865487221,1,0.03076923076923077
